"Path","Platform","Compiled","Cooked","Permutations","Compiletime","CompiledDouble","CookedDouble"
"/Engine/EngineDebugMaterials/DebugEditorMaterial.DebugEditorMaterial","0","0","8","1","0.000000","0","0"
"/ControlRig/Controls/ControlRigGizmoMaterial.ControlRigGizmoMaterial","0","0","4","1","0.000000","0","0"
"/Engine/EditorMaterials/PhAT_NoCollisionMaterial.PhAT_NoCollisionMaterial","0","0","3","1","0.000000","0","0"
"/Engine/EditorMaterials/PhAT_UnselectedMaterial.PhAT_UnselectedMaterial","0","0","3","1","0.000000","0","0"
"/MeshModelingToolset/Materials/M_DynamicMeshComponentVtxColor.M_DynamicMeshComponentVtxColor","0","0","20","1","0.000000","0","0"
"/Engine/EngineMaterials/GizmoMaterial.GizmoMaterial","0","0","8","1","0.000000","0","0"
"/Engine/EngineDebugMaterials/DebugMeshMaterial.DebugMeshMaterial","0","0","5","1","0.000000","0","0"
"/Engine/EngineMaterials/RemoveSurfaceMaterial.RemoveSurfaceMaterial","0","0","4","1","0.000000","0","0"
"/Engine/EngineMaterials/NaniteHiddenSectionMaterial.NaniteHiddenSectionMaterial","0","0","29","1","0.000000","0","0"
"/Engine/EditorMaterials/Camera/CineMat.CineMat","0","0","26","1","0.000000","0","0"
"/Engine/EditorLandscapeResources/SplineEditorMeshMat.SplineEditorMeshMat","0","0","14","1","0.000000","0","0"
"/ControlRig/Controls/ControlRigXRayMaterial.ControlRigXRayMaterial","0","0","9","1","0.000000","0","0"
"/Engine/EngineDebugMaterials/M_SimpleUnlitTranslucent.M_SimpleUnlitTranslucent","0","0","3","1","0.000000","0","0"
"/Engine/VREditor/TransformGizmo/Xray.Xray","0","0","14","1","0.000000","0","0"
"/Engine/VREditor/TransformGizmo/Main.Main","0","0","3","1","0.000000","0","0"
"/Game/StarterContent/Materials/M_Basic_Floor.M_Basic_Floor","0","0","23","1","0.000000","0","0"
"/Game/StarterContent/Materials/M_AssetPlatform.M_AssetPlatform","0","0","23","1","0.000000","0","0"
"/Game/StarterContent/Materials/M_Glass.M_Glass","0","0","33","1","0.000000","0","0"
"/Game/StarterContent/Materials/M_Basic_Wall.M_Basic_Wall","0","0","23","1","0.000000","0","0"
"/Engine/VREditor/TransformGizmo/TranslucentTransformGizmoMaterial.TranslucentTransformGizmoMaterial","0","0","3","1","0.000000","0","0"
"/Engine/EngineMaterials/DefaultLightFunctionMaterial.DefaultLightFunctionMaterial","0","0","36","1","0.000000","0","0"
"/Game/StarterContent/Particles/Materials/m_flare_01.m_flare_01","0","0","12","1","0.000000","0","0"
"/Game/StarterContent/Blueprints/Assets/M_LightStage_Arrows.M_LightStage_Arrows","0","0","4","1","0.000000","0","0"
"/Game/LevelPrototyping/Materials/M_Solid.M_Solid","0","0","26","1","0.000000","0","0"
"/Game/ExternalAssets/PolygonKnights/Materials/M_FX_Fire.M_FX_Fire","0","12","5","1","8.020864","0","32"
"/Engine/EditorMeshes/ColorCalibrator/M_ClearCoat.M_ClearCoat","0","0","23","1","0.000000","0","0"
"/Engine/EditorMeshes/ColorCalibrator/M_ChromeBall.M_ChromeBall","0","0","35","1","0.000000","0","0"
"/Engine/EngineSky/M_SimpleSkyDome.M_SimpleSkyDome","0","0","4","1","0.000000","0","0"
"/Engine/EditorMeshes/ColorCalibrator/M_GreyBall.M_GreyBall","0","0","35","1","0.000000","0","0"
"/Engine/EditorMeshes/ColorCalibrator/M_ClearCoatBlack.M_ClearCoatBlack","0","0","23","1","0.000000","0","0"
"/Engine/EngineMaterials/FlattenMaterial_WS_Normal_VT.FlattenMaterial_WS_Normal_VT","0","0","35","1","0.000000","0","0"
"/Engine/EngineMaterials/FlattenMaterial_VT.FlattenMaterial_VT","0","0","35","1","0.000000","0","0"
"/Engine/EngineMaterials/FlattenMaterial.FlattenMaterial","0","0","35","1","0.000000","0","0"
"/Engine/EngineMaterials/M_InvalidLightmapSettings.M_InvalidLightmapSettings","0","0","28","1","0.000000","0","0"
"/Engine/EngineMaterials/EmissiveMeshMaterial.EmissiveMeshMaterial","0","0","5","1","0.000000","0","0"
"/Engine/EngineMaterials/PhAT_JointLimitMaterial.PhAT_JointLimitMaterial","0","0","9","1","0.000000","0","0"
"/ControlRig/M_Manip.M_Manip","0","0","9","1","0.000000","0","0"
"/Paper2D/DefaultSpriteMaterial.DefaultSpriteMaterial","0","0","50","2","0.000000","0","0"
"/Game/ExternalAssets/PolygonHorrorMansion/Materials/Building/M_GlassHouse.M_GlassHouse","0","14","1","1","38.133709","0","79"
"/Game/ExternalAssets/SimpleDungeons/Materials/M_SimpleDungeons_LavaGlow.M_SimpleDungeons_LavaGlow","0","6","1","1","23.927540","0","14"
"/Engine/EngineDebugMaterials/M_VolumeRenderSphereTracePP.M_VolumeRenderSphereTracePP","0","0","4","1","0.000000","0","0"
"/Engine/EngineMaterials/DefaultPostProcessMaterial.DefaultPostProcessMaterial","0","0","6","1","0.000000","0","0"
"/Engine/VREditor/TransformGizmo/TransformGizmoMaterial.TransformGizmoMaterial","0","0","4","1","0.000000","0","0"
"/Engine/EngineMaterials/Widget3DPassThrough.Widget3DPassThrough","0","0","58","6","0.000000","0","3"
"/Engine/EngineMaterials/DefaultDeferredDecalMaterial.DefaultDeferredDecalMaterial","0","0","87","1","0.000000","0","0"
"/Engine/EngineMaterials/EmissiveTexturedMaterial.EmissiveTexturedMaterial","0","0","6","1","0.000000","0","0"
"/Engine/EngineMaterials/DefaultMaterial.DefaultMaterial","0","0","127","1","0.000000","0","0"
"/Engine/EngineMaterials/PPM_DefaultCalibrationGrayscale.PPM_DefaultCalibrationGrayscale","0","0","4","1","0.000000","0","0"
"/Engine/EngineMaterials/PPM_DefaultCalibrationColor.PPM_DefaultCalibrationColor","0","0","4","1","0.000000","0","0"
"/Game/ExternalAssets/PolygonHorrorMansion/Materials/FX_Mat/M_FX_Additive_Bright.M_FX_Additive_Bright","0","18","2","1","28.784639","0","126"
"/Game/ExternalAssets/PolygonHorrorMansion/Materials/FX_Mat/M_FX_Additive.M_FX_Additive","0","36","7","1","79.956451","0","219"
"/Engine/EngineMaterials/WorldGridMaterial.WorldGridMaterial","0","0","677","1","0.000000","0","0"
"/Engine/EngineMaterials/DefaultTextMaterialOpaque.DefaultTextMaterialOpaque","0","0","31","1","0.000000","0","0"
"/Engine/EditorMaterials/PreviewShadowIndicatorMaterial.PreviewShadowIndicatorMaterial","0","0","36","1","0.000000","0","0"
"/Game/StarterContent/Particles/Materials/M_radial_ramp.M_radial_ramp","0","0","12","1","0.000000","0","0"
"/Game/StarterContent/Particles/Materials/M_Radial_Gradient.M_Radial_Gradient","0","0","12","1","0.000000","0","0"
"/Game/StarterContent/Materials/M_ColorGrid_LowSpec.M_ColorGrid_LowSpec","0","0","23","1","0.000000","0","0"
"/Game/StarterContent/Blueprints/Assets/M_LightStage_Skybox_Master.M_LightStage_Skybox_Master","0","0","8","2","0.000000","0","0"
"/Engine/EngineMaterials/AntiAliasedTextMaterialTranslucent.AntiAliasedTextMaterialTranslucent","0","0","20","1","0.000000","0","0"
"/Engine/EngineSky/M_Sky_Panning_Clouds2.M_Sky_Panning_Clouds2","0","0","4","1","0.000000","0","0"
"/Engine/EditorMeshes/ColorCalibrator/M_ColorGrid.M_ColorGrid","0","0","35","1","0.000000","0","0"
"/Engine/EngineSky/VolumetricClouds/m_SimpleVolumetricCloud.m_SimpleVolumetricCloud","0","0","68","1","0.000000","0","0"
"/Engine/VREditor/SnapGrid/SnapGridMaterial.SnapGridMaterial","0","0","10","1","0.000000","0","0"
"/Game/ExternalAssets/PolygonHorrorMansion/Materials/Shaders/M_Grunge_Base.M_Grunge_Base","0","23","5","1","36.761509","0","153"
"/Game/ExternalAssets/SimpleDungeons/Materials/M_SimpleDungeons_DustParticle.M_SimpleDungeons_DustParticle","0","36","9","1","38.396160","0","298"
"/Game/ExternalAssets/PolygonPrototype/Materials/Base/M_PolygonPrototype_Gobal_Grid_01_Base.M_PolygonPrototype_Gobal_Grid_01_Base","0","23","3","1","34.996082","0","133"
"/Game/ExternalAssets/PolygonPrototype/Materials/M_PolygonPrototype_Water.M_PolygonPrototype_Water","0","27","10","1","45.207790","0","117"
"/Game/Characters/Mannequin_UE4/Materials/M_MannequinUE4_Body.M_MannequinUE4_Body","0","108","24","2","192.968323","0","617"
"/Engine/EditorMaterials/Thumbnails/SkySphereMaterial.SkySphereMaterial","0","0","23","1","0.000000","0","0"
"/Game/Characters/Mannequins/Materials/M_Mannequin.M_Mannequin","0","0","60","2","0.000000","0","60"
"/Game/LevelPrototyping/Materials/M_PrototypeGrid.M_PrototypeGrid","0","0","69","3","0.000000","0","23"
"/SpeedTreeImporter/SpeedTree9/SpeedTreeBillboardMaster.SpeedTreeBillboardMaster","0","0","62","1","0.000000","0","0"
"/SpeedTreeImporter/SpeedTree9/SpeedTreeMaster.SpeedTreeMaster","0","0","88","1","0.000000","0","0"
"/Interchange/gltf/M_Unlit.M_Unlit","0","0","66","6","0.000000","0","0"
"/Game/ExternalAssets/PolygonHorrorMansion/Materials/FX_Mat/M_FX_Leaf_Mat_01.M_FX_Leaf_Mat_01","0","54","2","1","106.474007","0","443"
"/Game/ExternalAssets/PolygonHorrorMansion/Materials/FX_Mat/M_FX_Additive_Circle_Soft_01.M_FX_Additive_Circle_Soft_01","0","18","1","1","34.390427","0","114"
"/Game/ExternalAssets/PolygonHorrorMansion/Materials/FX_Mat/M_FX_Additive_Circle.M_FX_Additive_Circle","0","54","1","1","72.945717","0","470"
"/Game/ExternalAssets/PolygonPrototype/Materials/M_Polygon_Prototype_Glow_Ring_FX.M_Polygon_Prototype_Glow_Ring_FX","0","29","7","1","72.232307","0","149"
"/Game/ExternalAssets/PolygonPrototype/Materials/M_PolygonPrototype_Glass.M_PolygonPrototype_Glass","0","45","1","1","107.187889","0","310"
"/Game/ExternalAssets/PolygonHorrorMansion/Materials/Misc/M_Moon.M_Moon","0","14","1","1","14.983708","0","53"
"/Game/ExternalAssets/PolygonHorrorMansion/Materials/Misc/M_GhostMat.M_GhostMat","0","18","6","1","30.823305","0","78"
"/Game/ExternalAssets/PolygonHorrorMansion/Materials/Building/M_Glass.M_Glass","0","27","1","1","51.207947","0","116"
"/Game/ExternalAssets/PolygonHorrorMansion/Materials/FX_Mat/M_Lightning_Mat_02.M_Lightning_Mat_02","0","36","1","1","91.242683","0","205"
"/Game/ExternalAssets/PolygonHorrorMansion/Materials/FX_Mat/M_Lightning_Mat_01.M_Lightning_Mat_01","0","36","1","1","0.000000","0","205"
"/Game/ExternalAssets/PolygonHorrorMansion/Materials/FX_Mat/M_FX_SunBeam_Mat.M_FX_SunBeam_Mat","0","40","13","1","68.214729","0","212"
"/Game/ExternalAssets/PolygonHorrorMansion/Materials/Misc/M_Clouds_Mat.M_Clouds_Mat","0","23","4","1","48.689266","0","85"
"/Game/ExternalAssets/PolygonHorrorMansion/Materials/Misc/M_Black.M_Black","0","14","14","1","26.844551","0","21"
"/Game/ExternalAssets/PolygonHorrorMansion/Materials/FX_Mat/M_Transparent.M_Transparent","0","29","31","1","48.921909","0","52"
"/Game/ExternalAssets/SimpleDungeons/Materials/M_SimpleDungeons.M_SimpleDungeons","0","23","14","1","40.614998","0","67"
"/Game/ExternalAssets/PolygonHorrorMansion/Materials/Misc/M_SpiderWeb_Mat.M_SpiderWeb_Mat","0","42","8","1","53.593452","0","630"
"/Game/ExternalAssets/PolygonHorrorMansion/Materials/Broken_Glass/M_BrokenGlass_06.M_BrokenGlass_06","0","18","5","1","50.535168","0","55"
"/Game/ExternalAssets/PolygonHorrorMansion/Materials/Broken_Glass/M_BrokenGlass_05.M_BrokenGlass_05","0","18","5","1","0.000000","0","55"
"/Game/ExternalAssets/PolygonHorrorMansion/Materials/Broken_Glass/M_BrokenGlass_04.M_BrokenGlass_04","0","18","5","1","0.000000","0","55"
"/Game/ExternalAssets/PolygonHorrorMansion/Materials/Broken_Glass/M_BrokenGlass_03.M_BrokenGlass_03","0","18","5","1","0.000000","0","55"
"/Game/ExternalAssets/PolygonHorrorMansion/Materials/Broken_Glass/M_BrokenGlass_02.M_BrokenGlass_02","0","18","5","1","0.000000","0","55"
"/Game/ExternalAssets/PolygonHorrorMansion/Materials/Broken_Glass/M_BrokenGlass_01.M_BrokenGlass_01","0","27","4","1","18.228703","0","95"
"/Game/ExternalAssets/PolygonKnights/Materials/M_PolyKnights_04_Dark.M_PolyKnights_04_Dark","0","14","1","1","8.230236","0","49"
"/Game/ExternalAssets/PolygonKnights/Materials/M_PolyKnights_04.M_PolyKnights_04","0","14","1","1","0.000000","0","49"
"/Game/ExternalAssets/PolygonKnights/Materials/M_PolyKnights_03_Dark.M_PolyKnights_03_Dark","0","14","1","1","0.000000","0","49"
"/Game/ExternalAssets/PolygonKnights/Materials/M_PolyKnights_03.M_PolyKnights_03","0","14","1","1","0.000000","0","49"
"/Game/ExternalAssets/PolygonKnights/Materials/M_PolyKnights_02_Dark.M_PolyKnights_02_Dark","0","14","1","1","0.000000","0","49"
"/Game/ExternalAssets/PolygonKnights/Materials/M_PolyKnights_02.M_PolyKnights_02","0","14","1","1","0.000000","0","49"
"/Game/ExternalAssets/PolygonKnights/Materials/M_PolyKnights_01_GrassSwap.M_PolyKnights_01_GrassSwap","0","14","1","1","0.000000","0","49"
"/Game/ExternalAssets/PolygonKnights/Materials/M_PolyKnights_01_Dark.M_PolyKnights_01_Dark","0","14","1","1","0.000000","0","49"
"/Game/ExternalAssets/PolygonKnights/Materials/M_Character_Knight_Yellow.M_Character_Knight_Yellow","0","26","4","1","15.560177","0","153"
"/Game/ExternalAssets/PolygonKnights/Materials/M_Character_Knight_Orange.M_Character_Knight_Orange","0","26","9","1","0.000000","0","144"
"/Game/ExternalAssets/PolygonKnights/Materials/M_Character_Knight_Blue.M_Character_Knight_Blue","0","26","9","1","0.000000","0","144"
"/Game/ExternalAssets/PolygonKnights/Materials/M_Character_Knight_Black.M_Character_Knight_Black","0","26","9","1","0.000000","0","163"
"/Game/ExternalAssets/PolygonHorrorMansion/Materials/Misc/M_Trees_Background.M_Trees_Background","0","42","1","1","30.179312","0","375"
"/Game/ExternalAssets/PolygonHorrorMansion/Materials/Building/M_Curtains_01.M_Curtains_01","0","27","6","1","26.441853","0","135"
"/Game/ExternalAssets/PolygonKnights/Materials/M_Statue.M_Statue","0","28","1","1","18.674450","0","165"
"/Game/ExternalAssets/PolygonKnights/Materials/M_PolyKnights_01.M_PolyKnights_01","0","28","4","1","12.899577","0","183"
"/Game/ExternalAssets/PolygonHorrorMansion/Materials/Decals/M_Decal_Scratches_Medium_01.M_Decal_Scratches_Medium_01","0","29","5","1","15.932839","0","149"
"/Game/ExternalAssets/PolygonHorrorMansion/Materials/Building/M_Curtains_02.M_Curtains_02","0","29","5","1","0.000000","0","149"
"/Game/ExternalAssets/PolygonLegendaryChest/Materials/Mat_Polygon_LegendaryChest_01.Mat_Polygon_LegendaryChest_01","0","14","14","1","13.489871","0","22"
"/Game/ExternalAssets/PolygonHorrorMansion/Materials/Paintings/M_Mat_Painting_Portrait_11.M_Mat_Painting_Portrait_11","0","23","3","1","20.838989","0","221"
"/Game/ExternalAssets/PolygonHorrorMansion/Materials/Paintings/M_Mat_Painting_Portrait_10.M_Mat_Painting_Portrait_10","0","23","3","1","0.000000","0","221"
"/Game/ExternalAssets/PolygonHorrorMansion/Materials/Paintings/M_Mat_Painting_Portrait_09.M_Mat_Painting_Portrait_09","0","23","3","1","0.000000","0","221"
"/Game/ExternalAssets/PolygonHorrorMansion/Materials/Paintings/M_Mat_Painting_Portrait_08.M_Mat_Painting_Portrait_08","0","23","3","1","0.000000","0","221"
"/Game/ExternalAssets/PolygonHorrorMansion/Materials/Paintings/M_Mat_Painting_Portrait_07.M_Mat_Painting_Portrait_07","0","23","3","1","0.000000","0","221"
"/Game/ExternalAssets/PolygonHorrorMansion/Materials/Paintings/M_Mat_Painting_Portrait_06.M_Mat_Painting_Portrait_06","0","23","3","1","0.000000","0","221"
"/Game/ExternalAssets/PolygonHorrorMansion/Materials/Paintings/M_Mat_Painting_Portrait_05.M_Mat_Painting_Portrait_05","0","23","3","1","0.000000","0","221"
"/Game/ExternalAssets/PolygonHorrorMansion/Materials/Paintings/M_Mat_Painting_Portrait_04.M_Mat_Painting_Portrait_04","0","23","3","1","0.000000","0","221"
"/Game/ExternalAssets/PolygonHorrorMansion/Materials/Paintings/M_Mat_Painting_Portrait_03.M_Mat_Painting_Portrait_03","0","23","3","1","0.000000","0","221"
"/Game/ExternalAssets/PolygonHorrorMansion/Materials/Paintings/M_Mat_Painting_Portrait_02.M_Mat_Painting_Portrait_02","0","23","3","1","0.000000","0","221"
"/Game/ExternalAssets/PolygonHorrorMansion/Materials/Paintings/M_Mat_Painting_Portrait_01.M_Mat_Painting_Portrait_01","0","23","3","1","0.000000","0","221"
"/Game/ExternalAssets/PolygonHorrorMansion/Materials/Paintings/M_Mat_Painting_Landscape_02.M_Mat_Painting_Landscape_02","0","23","3","1","0.000000","0","221"
"/Game/ExternalAssets/PolygonHorrorMansion/Materials/Paintings/M_Mat_Painting_Landscape_01.M_Mat_Painting_Landscape_01","0","23","3","1","0.000000","0","221"
"/Game/ExternalAssets/PolygonHorrorMansion/Materials/Decals/Stain_Oil_02.Stain_Oil_02","0","42","31","1","10.680189","0","229"
"/Game/ExternalAssets/PolygonHorrorMansion/Materials/Decals/Stain_Oil_01.Stain_Oil_01","0","42","26","1","0.000000","0","260"
"/Game/ExternalAssets/PolygonHorrorMansion/Materials/Decals/Stain_Blood_03.Stain_Blood_03","0","42","31","1","0.000000","0","229"
"/Game/ExternalAssets/PolygonHorrorMansion/Materials/Decals/Stain_Blood_02.Stain_Blood_02","0","42","31","1","0.000000","0","229"
"/Game/ExternalAssets/PolygonHorrorMansion/Materials/Decals/Stain_Blood_01.Stain_Blood_01","0","42","31","1","0.000000","0","310"
"/Game/ExternalAssets/PolygonHorrorMansion/Materials/Decals/M_Decal_Splinter_Small_02.M_Decal_Splinter_Small_02","0","42","31","1","0.000000","0","310"
"/Game/ExternalAssets/PolygonHorrorMansion/Materials/Decals/M_Decal_Splinter_Small_01.M_Decal_Splinter_Small_01","0","29","31","1","0.000000","0","31"
"/Game/ExternalAssets/PolygonHorrorMansion/Materials/Decals/M_Decal_Splinter_Medium_04.M_Decal_Splinter_Medium_04","0","42","25","1","0.000000","0","341"
"/Game/ExternalAssets/PolygonHorrorMansion/Materials/Decals/M_Decal_Splinter_Medium_03.M_Decal_Splinter_Medium_03","0","42","1","1","0.000000","0","341"
"/Game/ExternalAssets/PolygonHorrorMansion/Materials/Decals/M_Decal_Splinter_Medium_02.M_Decal_Splinter_Medium_02","0","42","31","1","0.000000","0","269"
"/Game/ExternalAssets/PolygonHorrorMansion/Materials/Decals/M_Decal_Splinter_Medium_01.M_Decal_Splinter_Medium_01","0","42","31","1","0.000000","0","269"
"/Game/ExternalAssets/PolygonHorrorMansion/Materials/Decals/M_Decal_Splinter_Large_03.M_Decal_Splinter_Large_03","0","29","31","1","0.000000","0","31"
"/Game/ExternalAssets/PolygonHorrorMansion/Materials/Decals/M_Decal_Splinter_Large_02.M_Decal_Splinter_Large_02","0","42","31","1","0.000000","0","229"
"/Game/ExternalAssets/PolygonHorrorMansion/Materials/Decals/M_Decal_Splinter_Large_01.M_Decal_Splinter_Large_01","0","29","31","1","0.000000","0","31"
"/Game/ExternalAssets/PolygonHorrorMansion/Materials/Decals/M_Decal_Scratches_Small_01.M_Decal_Scratches_Small_01","0","29","31","1","0.000000","0","31"
"/Game/ExternalAssets/PolygonHorrorMansion/Materials/Decals/M_Decal_Scratches_Medium_02.M_Decal_Scratches_Medium_02","0","29","31","1","0.000000","0","31"
"/Game/ExternalAssets/PolygonHorrorMansion/Materials/Decals/M_Decal_Rip_Medium_05.M_Decal_Rip_Medium_05","0","42","31","1","0.000000","0","229"
"/Game/ExternalAssets/PolygonHorrorMansion/Materials/Decals/M_Decal_Rip_Medium_04.M_Decal_Rip_Medium_04","0","42","31","1","0.000000","0","395"
"/Game/ExternalAssets/PolygonHorrorMansion/Materials/Decals/M_Decal_Rip_Medium_03.M_Decal_Rip_Medium_03","0","42","31","1","0.000000","0","310"
"/Game/ExternalAssets/PolygonHorrorMansion/Materials/Decals/M_Decal_Rip_Medium_02.M_Decal_Rip_Medium_02","0","42","31","1","0.000000","0","229"
"/Game/ExternalAssets/PolygonHorrorMansion/Materials/Decals/M_Decal_Rip_Medium_01.M_Decal_Rip_Medium_01","0","42","5","1","0.000000","0","260"
"/Game/ExternalAssets/PolygonHorrorMansion/Materials/Decals/M_Decal_Rip_Large_03.M_Decal_Rip_Large_03","0","42","12","1","0.000000","0","276"
"/Game/ExternalAssets/PolygonHorrorMansion/Materials/Decals/M_Decal_Rip_Large_02.M_Decal_Rip_Large_02","0","42","31","1","0.000000","0","395"
"/Game/ExternalAssets/PolygonHorrorMansion/Materials/Decals/M_Decal_Rip_Large_01.M_Decal_Rip_Large_01","0","42","31","1","0.000000","0","353"
"/Game/ExternalAssets/PolygonHorrorMansion/Materials/Decals/M_Decal_Blood_Base.M_Decal_Blood_Base","0","42","3","1","25.499058","0","252"
"/Game/ExternalAssets/PolygonHorrorMansion/Materials/FX_Mat/M_Decals_Footsetps_Bare_04.M_Decals_Footsetps_Bare_04","0","29","5","1","23.068556","0","130"
"/Game/ExternalAssets/PolygonHorrorMansion/Materials/FX_Mat/M_Decals_Footsetps_Bare_03.M_Decals_Footsetps_Bare_03","0","29","5","1","0.000000","0","130"
"/Game/ExternalAssets/PolygonHorrorMansion/Materials/FX_Mat/M_Decals_Footsetps_Bare_02.M_Decals_Footsetps_Bare_02","0","29","5","1","0.000000","0","130"
"/Game/ExternalAssets/PolygonHorrorMansion/Materials/FX_Mat/M_M_Decals_Footsetps_Bare_01.M_M_Decals_Footsetps_Bare_01","0","29","5","1","0.000000","0","130"
"/Game/ExternalAssets/PolygonHorrorMansion/Materials/Decals/M_Decal_Crack_Medium_03.M_Decal_Crack_Medium_03","0","42","31","1","0.000000","0","229"
"/Game/ExternalAssets/PolygonHorrorMansion/Materials/Decals/M_Decal_Crack_Medium_02.M_Decal_Crack_Medium_02","0","42","28","1","0.000000","0","260"
"/Game/ExternalAssets/PolygonHorrorMansion/Materials/Decals/M_Decal_Crack_Medium_01.M_Decal_Crack_Medium_01","0","42","31","1","0.000000","0","229"
"/Game/ExternalAssets/PolygonHorrorMansion/Materials/Decals/M_Decal_Crack_Large_04.M_Decal_Crack_Large_04","0","42","18","1","0.000000","0","260"
"/Game/ExternalAssets/PolygonHorrorMansion/Materials/Decals/M_Decal_Crack_Large_03.M_Decal_Crack_Large_03","0","42","17","1","0.000000","0","260"
"/Game/ExternalAssets/PolygonHorrorMansion/Materials/Decals/M_Decal_Crack_Large_02.M_Decal_Crack_Large_02","0","42","31","1","0.000000","0","229"
"/Game/ExternalAssets/PolygonHorrorMansion/Materials/Decals/M_Decal_Crack_Large_01.M_Decal_Crack_Large_01","0","42","31","1","0.000000","0","310"
"/Game/ExternalAssets/PolygonHorrorMansion/Materials/Building/Weatherboard_04.Weatherboard_04","0","23","4","1","17.960239","0","76"
"/Game/ExternalAssets/PolygonHorrorMansion/Materials/Building/Weatherboard_03.Weatherboard_03","0","23","4","1","0.000000","0","97"
"/Game/ExternalAssets/PolygonHorrorMansion/Materials/Building/Weatherboard_02.Weatherboard_02","0","14","4","1","0.000000","0","59"
"/Game/ExternalAssets/PolygonHorrorMansion/Materials/Building/Weatherboard_01.Weatherboard_01","0","23","4","1","0.000000","0","97"
"/Game/ExternalAssets/PolygonHorrorMansion/Materials/Building/M_Horror_Roof_03.M_Horror_Roof_03","0","23","4","1","0.000000","0","97"
"/Game/ExternalAssets/PolygonHorrorMansion/Materials/Building/M_Horror_Roof_02.M_Horror_Roof_02","0","23","4","1","0.000000","0","97"
"/Game/ExternalAssets/PolygonHorrorMansion/Materials/Building/M_Horror_Roof_01.M_Horror_Roof_01","0","23","4","1","0.000000","0","97"
"/Game/ExternalAssets/PolygonHorrorMansion/Materials/Building/Wood_Fancy_02.Wood_Fancy_02","0","23","3","1","0.000000","0","221"
"/Game/ExternalAssets/PolygonHorrorMansion/Materials/Building/Wood_Fancy_01.Wood_Fancy_01","0","23","3","1","0.000000","0","221"
"/Game/ExternalAssets/PolygonHorrorMansion/Materials/Building/M_Horror_Wall_09.M_Horror_Wall_09","0","14","1","1","0.000000","0","107"
"/Game/ExternalAssets/PolygonHorrorMansion/Materials/Building/M_Horror_Wall_08.M_Horror_Wall_08","0","23","3","1","0.000000","0","221"
"/Game/ExternalAssets/PolygonHorrorMansion/Materials/Building/M_Horror_Wall_07.M_Horror_Wall_07","0","23","3","1","0.000000","0","221"
"/Game/ExternalAssets/PolygonHorrorMansion/Materials/Building/Wood_02.Wood_02","0","23","3","1","0.000000","0","221"
"/Game/ExternalAssets/PolygonHorrorMansion/Materials/Building/Wood_01.Wood_01","0","23","3","1","0.000000","0","221"
"/Game/ExternalAssets/PolygonHorrorMansion/Materials/Building/M_Horror_Wall_06.M_Horror_Wall_06","0","23","3","1","0.000000","0","221"
"/Game/ExternalAssets/PolygonHorrorMansion/Materials/Building/M_Horror_Wall_05.M_Horror_Wall_05","0","23","3","1","0.000000","0","221"
"/Game/ExternalAssets/PolygonHorrorMansion/Materials/Building/M_Horror_Wall_04_Trimless.M_Horror_Wall_04_Trimless","0","23","3","1","0.000000","0","221"
"/Game/ExternalAssets/PolygonHorrorMansion/Materials/Building/M_Horror_Wall_04_Grunge.M_Horror_Wall_04_Grunge","0","23","3","1","0.000000","0","221"
"/Game/ExternalAssets/PolygonHorrorMansion/Materials/Building/M_Horror_Wall_04.M_Horror_Wall_04","0","23","3","1","0.000000","0","221"
"/Game/ExternalAssets/PolygonHorrorMansion/Materials/Building/M_Horror_Wall_03.M_Horror_Wall_03","0","23","3","1","0.000000","0","221"
"/Game/ExternalAssets/PolygonHorrorMansion/Materials/Building/M_Horror_Wall_02.M_Horror_Wall_02","0","23","3","1","0.000000","0","221"
"/Game/ExternalAssets/PolygonHorrorMansion/Materials/Building/M_Horror_Wall_01.M_Horror_Wall_01","0","23","3","1","0.000000","0","221"
"/Game/ExternalAssets/PolygonHorrorMansion/Materials/Building/Tile_Kitchen_02.Tile_Kitchen_02","0","23","3","1","0.000000","0","221"
"/Game/ExternalAssets/PolygonHorrorMansion/Materials/Building/Tile_Kitchen_01.Tile_Kitchen_01","0","23","3","1","0.000000","0","201"
"/Game/ExternalAssets/PolygonHorrorMansion/Materials/Building/Tile_Bathroom_01.Tile_Bathroom_01","0","23","3","1","0.000000","0","201"
"/Game/ExternalAssets/PolygonHorrorMansion/Materials/Building/RoofTar_01.RoofTar_01","0","23","3","1","0.000000","0","201"
"/Game/ExternalAssets/PolygonHorrorMansion/Materials/Building/M_Concrete_Mat_01.M_Concrete_Mat_01","0","23","3","1","0.000000","0","201"
"/Game/ExternalAssets/PolygonHorrorMansion/Materials/Building/M_Carpet_Evil_01.M_Carpet_Evil_01","0","14","1","1","0.000000","0","95"
"/Game/ExternalAssets/PolygonHorrorMansion/Materials/Building/M_Carpet_05.M_Carpet_05","0","23","3","1","0.000000","0","201"
"/Game/ExternalAssets/PolygonHorrorMansion/Materials/Building/M_Carpet_04.M_Carpet_04","0","23","3","1","0.000000","0","201"
"/Game/ExternalAssets/PolygonHorrorMansion/Materials/Building/M_Carpet_4.M_Carpet_4","0","14","1","1","0.000000","0","95"
"/Game/ExternalAssets/PolygonHorrorMansion/Materials/Building/M_Carpet_03.M_Carpet_03","0","23","3","1","0.000000","0","184"
"/Game/ExternalAssets/PolygonHorrorMansion/Materials/Building/M_Carpet_02.M_Carpet_02","0","23","3","1","0.000000","0","184"
"/Game/ExternalAssets/PolygonHorrorMansion/Materials/Building/M_Carpet_01.M_Carpet_01","0","23","3","1","0.000000","0","194"
"/Game/ExternalAssets/PolygonHorrorMansion/Materials/Building/M_Brick_Grey_Mat_01.M_Brick_Grey_Mat_01","0","14","1","1","0.000000","0","84"
"/Game/ExternalAssets/PolygonHorrorMansion/Materials/Building/M_Brick_Brown_Mat_01.M_Brick_Brown_Mat_01","0","23","3","1","0.000000","0","184"
"/Game/ExternalAssets/PolygonHorrorMansion/Materials/Alts/M_PolygonHorrorMansion_Mat_04_C.M_PolygonHorrorMansion_Mat_04_C","0","23","14","1","4.788646","0","79"
"/Game/ExternalAssets/PolygonHorrorMansion/Materials/Alts/M_PolygonHorrorMansion_Mat_04_B.M_PolygonHorrorMansion_Mat_04_B","0","23","14","1","0.000000","0","79"
"/Game/ExternalAssets/PolygonHorrorMansion/Materials/Alts/M_PolygonHorrorMansion_Mat_04_A.M_PolygonHorrorMansion_Mat_04_A","0","23","14","1","0.000000","0","79"
"/Game/ExternalAssets/PolygonHorrorMansion/Materials/Alts/M_PolygonHorrorMansion_Mat_03_C.M_PolygonHorrorMansion_Mat_03_C","0","23","14","1","0.000000","0","79"
"/Game/ExternalAssets/PolygonHorrorMansion/Materials/Alts/M_PolygonHorrorMansion_Mat_03_B.M_PolygonHorrorMansion_Mat_03_B","0","23","14","1","0.000000","0","79"
"/Game/ExternalAssets/PolygonHorrorMansion/Materials/Alts/M_PolygonHorrorMansion_Mat_03_A.M_PolygonHorrorMansion_Mat_03_A","0","23","14","1","0.000000","0","63"
"/Game/ExternalAssets/PolygonHorrorMansion/Materials/Alts/M_PolygonHorrorMansion_Mat_02_C.M_PolygonHorrorMansion_Mat_02_C","0","23","14","1","0.000000","0","63"
"/Game/ExternalAssets/PolygonHorrorMansion/Materials/Alts/M_PolygonHorrorMansion_Mat_02_B.M_PolygonHorrorMansion_Mat_02_B","0","23","14","1","0.000000","0","63"
"/Game/ExternalAssets/PolygonHorrorMansion/Materials/Alts/M_PolygonHorrorMansion_Mat_02_A.M_PolygonHorrorMansion_Mat_02_A","0","23","14","1","0.000000","0","63"
"/Game/ExternalAssets/PolygonHorrorMansion/Materials/Alts/M_PolygonHorrorMansion_Mat_01_C.M_PolygonHorrorMansion_Mat_01_C","0","23","14","1","0.000000","0","63"
"/Game/ExternalAssets/PolygonHorrorMansion/Materials/Alts/M_PolygonHorrorMansion_Mat_01_B.M_PolygonHorrorMansion_Mat_01_B","0","23","14","1","0.000000","0","63"
"/Game/ExternalAssets/PolygonHorrorMansion/Materials/Alts/M_PolygonHorrorMansion_Mat_01_A_Unlit.M_PolygonHorrorMansion_Mat_01_A_Unlit","0","23","3","1","0.000000","0","155"
"/Game/ExternalAssets/PolygonHorrorMansion/Materials/Alts/M_PolygonHorrorMansion_Mat_01_A.M_PolygonHorrorMansion_Mat_01_A","0","47","14","1","10.802478","0","134"
"/Game/ExternalAssets/PolygonPrototype/Materials/M_Wire_White.M_Wire_White","0","18","18","1","10.620144","0","20"
"/Game/ExternalAssets/PolygonPrototype/Materials/M_Wire.M_Wire","0","18","18","1","0.000000","0","20"
"/Game/ExternalAssets/PolygonPrototype/Materials/Alts/M_PolygonPrototype_10.M_PolygonPrototype_10","0","23","3","1","0.000000","0","221"
"/Game/ExternalAssets/PolygonPrototype/Materials/Alts/M_PolygonPrototype_09.M_PolygonPrototype_09","0","23","3","1","0.000000","0","184"
"/Game/ExternalAssets/PolygonPrototype/Materials/Alts/M_PolygonPrototype_08.M_PolygonPrototype_08","0","23","3","1","0.000000","0","163"
"/Game/ExternalAssets/PolygonPrototype/Materials/Alts/M_PolygonPrototype_07.M_PolygonPrototype_07","0","23","3","1","0.000000","0","163"
"/Game/ExternalAssets/PolygonPrototype/Materials/Alts/M_PolygonPrototype_06.M_PolygonPrototype_06","0","23","3","1","0.000000","0","221"
"/Game/ExternalAssets/PolygonPrototype/Materials/Alts/M_PolygonPrototype_05.M_PolygonPrototype_05","0","23","3","1","0.000000","0","221"
"/Game/ExternalAssets/PolygonPrototype/Materials/Alts/M_PolygonPrototype_04.M_PolygonPrototype_04","0","23","3","1","0.000000","0","221"
"/Game/ExternalAssets/PolygonPrototype/Materials/Alts/M_PolygonPrototype_03.M_PolygonPrototype_03","0","23","3","1","0.000000","0","221"
"/Game/ExternalAssets/PolygonPrototype/Materials/Alts/M_PolygonPrototype_02.M_PolygonPrototype_02","0","23","3","1","0.000000","0","221"
"/Game/ExternalAssets/PolygonPrototype/Materials/M_PolygonPrototype_01.M_PolygonPrototype_01","0","35","3","1","6.081563","0","300"
"/Interchange/gltf/M_SpecularGlossiness.M_SpecularGlossiness","0","0","140","6","0.000000","0","0"
"/Interchange/gltf/M_Sheen.M_Sheen","0","0","140","6","0.000000","0","0"
"/Interchange/gltf/M_Transmission.M_Transmission","0","0","50","2","0.000000","0","0"
"/Interchange/gltf/M_ClearCoat.M_ClearCoat","0","0","140","6","0.000000","0","0"
"/Interchange/gltf/M_Default.M_Default","0","0","140","6","0.000000","0","0"
"/Game/ExternalAssets/PolygonKnights/Materials/M_FX_Fire.M_FX_Fire","49","12","2","1","18.121077","0","52"
"/Game/ExternalAssets/SimpleDungeons/Materials/M_SimpleDungeons_LavaGlow.M_SimpleDungeons_LavaGlow","49","6","4","1","7.098283","0","17"
"/Game/ExternalAssets/SimpleDungeons/Materials/M_SimpleDungeons_DustParticle.M_SimpleDungeons_DustParticle","49","36","1","1","39.928436","0","565"
"/Game/ExternalAssets/PolygonPrototype/Materials/M_PolygonPrototype_Water.M_PolygonPrototype_Water","49","27","2","1","28.596529","0","300"
"/Game/ExternalAssets/PolygonPrototype/Materials/M_PolygonPrototype_Glass.M_PolygonPrototype_Glass","49","45","9","1","111.193428","0","732"
"/Engine/EngineDebugMaterials/DebugEditorMaterial.DebugEditorMaterial","49","0","8","1","0.000000","0","0"
"/ControlRig/Controls/ControlRigGizmoMaterial.ControlRigGizmoMaterial","49","0","4","1","0.000000","0","0"
"/Engine/EditorMaterials/PhAT_NoCollisionMaterial.PhAT_NoCollisionMaterial","49","0","3","1","0.000000","0","0"
"/Engine/EditorMaterials/PhAT_UnselectedMaterial.PhAT_UnselectedMaterial","49","0","3","1","0.000000","0","0"
"/MeshModelingToolset/Materials/M_DynamicMeshComponentVtxColor.M_DynamicMeshComponentVtxColor","49","0","20","1","0.000000","0","0"
"/Engine/EngineMaterials/GizmoMaterial.GizmoMaterial","49","0","8","1","0.000000","0","0"
"/Engine/EngineDebugMaterials/DebugMeshMaterial.DebugMeshMaterial","49","0","5","1","0.000000","0","0"
"/Engine/EngineMaterials/RemoveSurfaceMaterial.RemoveSurfaceMaterial","49","0","4","1","0.000000","0","0"
"/Engine/EngineMaterials/NaniteHiddenSectionMaterial.NaniteHiddenSectionMaterial","49","0","31","1","0.000000","0","0"
"/Engine/EditorMaterials/Camera/CineMat.CineMat","49","0","26","1","0.000000","0","0"
"/Engine/EditorLandscapeResources/SplineEditorMeshMat.SplineEditorMeshMat","49","0","16","1","0.000000","0","0"
"/ControlRig/Controls/ControlRigXRayMaterial.ControlRigXRayMaterial","49","0","9","1","0.000000","0","0"
"/Engine/EngineDebugMaterials/M_SimpleUnlitTranslucent.M_SimpleUnlitTranslucent","49","0","3","1","0.000000","0","0"
"/Engine/VREditor/TransformGizmo/Xray.Xray","49","0","14","1","0.000000","0","0"
"/Engine/VREditor/TransformGizmo/Main.Main","49","0","3","1","0.000000","0","0"
"/Game/StarterContent/Materials/M_Basic_Floor.M_Basic_Floor","49","0","23","1","0.000000","0","0"
"/Game/StarterContent/Materials/M_AssetPlatform.M_AssetPlatform","49","0","23","1","0.000000","0","0"
"/Game/StarterContent/Materials/M_Glass.M_Glass","49","0","33","1","0.000000","0","0"
"/Game/StarterContent/Materials/M_Basic_Wall.M_Basic_Wall","49","0","23","1","0.000000","0","0"
"/Engine/VREditor/TransformGizmo/TranslucentTransformGizmoMaterial.TranslucentTransformGizmoMaterial","49","0","3","1","0.000000","0","0"
"/Engine/EngineMaterials/DefaultLightFunctionMaterial.DefaultLightFunctionMaterial","49","0","44","1","0.000000","0","0"
"/Game/StarterContent/Particles/Materials/m_flare_01.m_flare_01","49","0","12","1","0.000000","0","0"
"/Game/StarterContent/Blueprints/Assets/M_LightStage_Arrows.M_LightStage_Arrows","49","0","4","1","0.000000","0","0"
"/Game/LevelPrototyping/Materials/M_Solid.M_Solid","49","0","26","1","0.000000","0","0"
"/Game/ExternalAssets/PolygonHorrorMansion/Materials/Misc/M_Moon.M_Moon","49","14","1","1","44.031803","0","35"
"/Game/ExternalAssets/PolygonHorrorMansion/Materials/Misc/M_GhostMat.M_GhostMat","49","18","2","1","48.917320","0","112"
"/Game/ExternalAssets/PolygonHorrorMansion/Materials/Misc/M_Clouds_Mat.M_Clouds_Mat","49","23","3","1","41.188511","0","286"
"/Game/ExternalAssets/PolygonHorrorMansion/Materials/Misc/M_Black.M_Black","49","14","1","1","40.301579","0","103"
"/Game/ExternalAssets/PolygonHorrorMansion/Materials/FX_Mat/M_Transparent.M_Transparent","49","31","2","1","23.727444","0","320"
"/Game/ExternalAssets/PolygonHorrorMansion/Materials/FX_Mat/M_FX_Additive_Bright.M_FX_Additive_Bright","49","18","1","1","12.415788","0","66"
"/Game/ExternalAssets/PolygonHorrorMansion/Materials/FX_Mat/M_FX_Additive.M_FX_Additive","49","36","15","1","20.246252","0","157"
"/Game/ExternalAssets/PolygonHorrorMansion/Materials/Building/M_GlassHouse.M_GlassHouse","49","14","14","1","7.909024","0","26"
"/Engine/EditorMeshes/ColorCalibrator/M_ClearCoat.M_ClearCoat","49","0","23","1","0.000000","0","0"
"/Engine/EditorMeshes/ColorCalibrator/M_ChromeBall.M_ChromeBall","49","0","35","1","0.000000","0","0"
"/Engine/EngineSky/M_SimpleSkyDome.M_SimpleSkyDome","49","0","4","1","0.000000","0","0"
"/Engine/EditorMeshes/ColorCalibrator/M_GreyBall.M_GreyBall","49","0","35","1","0.000000","0","0"
"/Engine/EditorMeshes/ColorCalibrator/M_ClearCoatBlack.M_ClearCoatBlack","49","0","23","1","0.000000","0","0"
"/Engine/EngineMaterials/FlattenMaterial_WS_Normal_VT.FlattenMaterial_WS_Normal_VT","49","0","50","1","0.000000","0","0"
"/Engine/EngineMaterials/FlattenMaterial_VT.FlattenMaterial_VT","49","0","50","1","0.000000","0","0"
"/Engine/EngineMaterials/FlattenMaterial.FlattenMaterial","49","0","50","1","0.000000","0","0"
"/Engine/EngineMaterials/M_InvalidLightmapSettings.M_InvalidLightmapSettings","49","0","28","1","0.000000","0","0"
"/Engine/EngineMaterials/EmissiveMeshMaterial.EmissiveMeshMaterial","49","0","5","1","0.000000","0","0"
"/Engine/EngineMaterials/PhAT_JointLimitMaterial.PhAT_JointLimitMaterial","49","0","9","1","0.000000","0","0"
"/ControlRig/M_Manip.M_Manip","49","0","9","1","0.000000","0","0"
"/Paper2D/DefaultSpriteMaterial.DefaultSpriteMaterial","49","0","54","2","0.000000","0","0"
"/Game/ExternalAssets/SimpleDungeons/Materials/M_SimpleDungeons.M_SimpleDungeons","49","23","1","1","51.878487","0","194"
"/Game/ExternalAssets/PolygonHorrorMansion/Materials/Decals/Stain_Oil_01.Stain_Oil_01","49","44","9","1","56.498215","0","690"
"/Game/ExternalAssets/PolygonHorrorMansion/Materials/Decals/Stain_Blood_03.Stain_Blood_03","49","44","7","1","0.000000","0","699"
"/Game/ExternalAssets/PolygonHorrorMansion/Materials/Decals/Stain_Blood_02.Stain_Blood_02","49","44","9","1","0.000000","0","690"
"/Game/ExternalAssets/PolygonHorrorMansion/Materials/Decals/Stain_Blood_01.Stain_Blood_01","49","44","9","1","0.000000","0","690"
"/Game/ExternalAssets/PolygonHorrorMansion/Materials/Decals/M_Decal_Splinter_Small_02.M_Decal_Splinter_Small_02","49","44","9","1","0.000000","0","717"
"/Game/ExternalAssets/PolygonHorrorMansion/Materials/Decals/M_Decal_Splinter_Small_01.M_Decal_Splinter_Small_01","49","31","7","1","0.000000","0","393"
"/Game/ExternalAssets/PolygonHorrorMansion/Materials/Decals/M_Decal_Splinter_Medium_04.M_Decal_Splinter_Medium_04","49","44","9","1","0.000000","0","717"
"/Game/ExternalAssets/PolygonHorrorMansion/Materials/Decals/M_Decal_Splinter_Medium_03.M_Decal_Splinter_Medium_03","49","44","9","1","0.000000","0","717"
"/Game/ExternalAssets/PolygonHorrorMansion/Materials/Decals/M_Decal_Splinter_Medium_02.M_Decal_Splinter_Medium_02","49","44","9","1","0.000000","0","747"
"/Game/ExternalAssets/PolygonHorrorMansion/Materials/Decals/M_Decal_Splinter_Medium_01.M_Decal_Splinter_Medium_01","49","44","9","1","0.000000","0","717"
"/Game/ExternalAssets/PolygonHorrorMansion/Materials/Decals/M_Decal_Splinter_Large_03.M_Decal_Splinter_Large_03","49","31","7","1","0.000000","0","393"
"/Game/ExternalAssets/PolygonHorrorMansion/Materials/Decals/M_Decal_Splinter_Large_02.M_Decal_Splinter_Large_02","49","44","9","1","0.000000","0","717"
"/Game/ExternalAssets/PolygonHorrorMansion/Materials/Decals/M_Decal_Splinter_Large_01.M_Decal_Splinter_Large_01","49","31","7","1","0.000000","0","393"
"/Game/ExternalAssets/PolygonHorrorMansion/Materials/Decals/M_Decal_Scratches_Small_01.M_Decal_Scratches_Small_01","49","31","7","1","0.000000","0","393"
"/Game/ExternalAssets/PolygonHorrorMansion/Materials/Decals/M_Decal_Scratches_Medium_02.M_Decal_Scratches_Medium_02","49","31","7","1","0.000000","0","393"
"/Game/ExternalAssets/PolygonHorrorMansion/Materials/Decals/M_Decal_Rip_Medium_05.M_Decal_Rip_Medium_05","49","44","9","1","0.000000","0","717"
"/Game/ExternalAssets/PolygonHorrorMansion/Materials/Building/M_Carpet_05.M_Carpet_05","49","23","1","1","39.721298","0","222"
"/Game/ExternalAssets/PolygonHorrorMansion/Materials/Building/M_Carpet_04.M_Carpet_04","49","23","1","1","0.000000","0","222"
"/Game/ExternalAssets/PolygonHorrorMansion/Materials/Building/M_Carpet_4.M_Carpet_4","49","14","1","1","0.000000","0","92"
"/Game/ExternalAssets/PolygonHorrorMansion/Materials/Building/M_Carpet_03.M_Carpet_03","49","23","1","1","0.000000","0","222"
"/Game/ExternalAssets/PolygonHorrorMansion/Materials/Building/M_Carpet_02.M_Carpet_02","49","23","1","1","0.000000","0","222"
"/Game/ExternalAssets/PolygonHorrorMansion/Materials/Building/M_Carpet_01.M_Carpet_01","49","23","1","1","0.000000","0","222"
"/Game/ExternalAssets/PolygonHorrorMansion/Materials/Building/M_Brick_Grey_Mat_01.M_Brick_Grey_Mat_01","49","14","1","1","0.000000","0","92"
"/Game/ExternalAssets/PolygonHorrorMansion/Materials/Building/M_Brick_Brown_Mat_01.M_Brick_Brown_Mat_01","49","23","1","1","0.000000","0","222"
"/Game/ExternalAssets/PolygonHorrorMansion/Materials/Alts/M_PolygonHorrorMansion_Mat_04_C.M_PolygonHorrorMansion_Mat_04_C","49","23","1","1","26.213579","0","291"
"/Game/ExternalAssets/PolygonHorrorMansion/Materials/Alts/M_PolygonHorrorMansion_Mat_04_B.M_PolygonHorrorMansion_Mat_04_B","49","23","1","1","0.000000","0","291"
"/Game/ExternalAssets/PolygonHorrorMansion/Materials/Alts/M_PolygonHorrorMansion_Mat_02_C.M_PolygonHorrorMansion_Mat_02_C","49","23","1","1","0.000000","0","291"
"/Game/ExternalAssets/PolygonHorrorMansion/Materials/Alts/M_PolygonHorrorMansion_Mat_02_B.M_PolygonHorrorMansion_Mat_02_B","49","23","1","1","0.000000","0","291"
"/Game/ExternalAssets/PolygonHorrorMansion/Materials/Alts/M_PolygonHorrorMansion_Mat_02_A.M_PolygonHorrorMansion_Mat_02_A","49","23","1","1","0.000000","0","291"
"/Game/ExternalAssets/PolygonHorrorMansion/Materials/Alts/M_PolygonHorrorMansion_Mat_01_C.M_PolygonHorrorMansion_Mat_01_C","49","23","1","1","0.000000","0","291"
"/Game/ExternalAssets/PolygonHorrorMansion/Materials/Alts/M_PolygonHorrorMansion_Mat_01_B.M_PolygonHorrorMansion_Mat_01_B","49","23","1","1","0.000000","0","291"
"/Game/ExternalAssets/PolygonHorrorMansion/Materials/Alts/M_PolygonHorrorMansion_Mat_01_A_Unlit.M_PolygonHorrorMansion_Mat_01_A_Unlit","49","23","1","1","0.000000","0","222"
"/Game/ExternalAssets/PolygonHorrorMansion/Materials/Alts/M_PolygonHorrorMansion_Mat_01_A.M_PolygonHorrorMansion_Mat_01_A","49","47","1","1","20.661438","0","1004"
"/Game/ExternalAssets/PolygonPrototype/Materials/M_Wire_White.M_Wire_White","49","18","4","1","15.428376","0","148"
"/Game/ExternalAssets/PolygonPrototype/Materials/M_Wire.M_Wire","49","18","4","1","0.000000","0","148"
"/Game/ExternalAssets/PolygonPrototype/Materials/Alts/M_PolygonPrototype_10.M_PolygonPrototype_10","49","23","1","1","0.000000","0","222"
"/Game/ExternalAssets/PolygonPrototype/Materials/Alts/M_PolygonPrototype_09.M_PolygonPrototype_09","49","23","1","1","0.000000","0","222"
"/Game/ExternalAssets/PolygonPrototype/Materials/Alts/M_PolygonPrototype_08.M_PolygonPrototype_08","49","23","1","1","0.000000","0","222"
"/Game/ExternalAssets/PolygonPrototype/Materials/Alts/M_PolygonPrototype_07.M_PolygonPrototype_07","49","23","1","1","0.000000","0","222"
"/Game/ExternalAssets/PolygonPrototype/Materials/Alts/M_PolygonPrototype_06.M_PolygonPrototype_06","49","23","1","1","0.000000","0","222"
"/Game/ExternalAssets/PolygonPrototype/Materials/Alts/M_PolygonPrototype_05.M_PolygonPrototype_05","49","23","1","1","0.000000","0","222"
"/Game/ExternalAssets/PolygonPrototype/Materials/Alts/M_PolygonPrototype_04.M_PolygonPrototype_04","49","23","1","1","0.000000","0","222"
"/Game/ExternalAssets/PolygonHorrorMansion/Materials/Decals/M_Decal_Rip_Medium_04.M_Decal_Rip_Medium_04","49","44","9","1","0.000000","0","792"
"/Game/ExternalAssets/PolygonHorrorMansion/Materials/Decals/M_Decal_Rip_Medium_03.M_Decal_Rip_Medium_03","49","44","9","1","0.000000","0","792"
"/Game/ExternalAssets/PolygonHorrorMansion/Materials/Decals/M_Decal_Scratches_Medium_01.M_Decal_Scratches_Medium_01","49","31","7","1","0.000000","0","422"
"/Game/ExternalAssets/PolygonHorrorMansion/Materials/Decals/M_Decal_Rip_Medium_02.M_Decal_Rip_Medium_02","49","44","9","1","0.000000","0","792"
"/Game/ExternalAssets/PolygonHorrorMansion/Materials/Decals/M_Decal_Rip_Medium_01.M_Decal_Rip_Medium_01","49","44","9","1","0.000000","0","792"
"/Game/ExternalAssets/PolygonHorrorMansion/Materials/Decals/M_Decal_Rip_Large_03.M_Decal_Rip_Large_03","49","44","9","1","0.000000","0","829"
"/Game/ExternalAssets/PolygonHorrorMansion/Materials/Decals/M_Decal_Rip_Large_02.M_Decal_Rip_Large_02","49","44","9","1","0.000000","0","829"
"/Game/ExternalAssets/PolygonHorrorMansion/Materials/Decals/M_Decal_Rip_Large_01.M_Decal_Rip_Large_01","49","44","9","1","0.000000","0","851"
"/Game/ExternalAssets/PolygonHorrorMansion/Materials/Decals/M_Decal_Blood_Base.M_Decal_Blood_Base","49","44","1","1","34.073692","0","861"
"/Game/ExternalAssets/PolygonHorrorMansion/Materials/FX_Mat/M_Decals_Footsetps_Bare_04.M_Decals_Footsetps_Bare_04","49","31","9","1","24.265408","0","490"
"/Game/ExternalAssets/PolygonHorrorMansion/Materials/FX_Mat/M_Decals_Footsetps_Bare_03.M_Decals_Footsetps_Bare_03","49","31","9","1","0.000000","0","490"
"/Game/ExternalAssets/PolygonHorrorMansion/Materials/FX_Mat/M_Decals_Footsetps_Bare_02.M_Decals_Footsetps_Bare_02","49","31","9","1","0.000000","0","490"
"/Game/ExternalAssets/PolygonHorrorMansion/Materials/FX_Mat/M_M_Decals_Footsetps_Bare_01.M_M_Decals_Footsetps_Bare_01","49","31","9","1","0.000000","0","490"
"/Game/ExternalAssets/PolygonHorrorMansion/Materials/Decals/M_Decal_Crack_Medium_03.M_Decal_Crack_Medium_03","49","44","9","1","0.000000","0","851"
"/Game/ExternalAssets/PolygonHorrorMansion/Materials/Decals/M_Decal_Crack_Medium_02.M_Decal_Crack_Medium_02","49","44","9","1","0.000000","0","868"
"/Game/ExternalAssets/PolygonHorrorMansion/Materials/Decals/M_Decal_Crack_Medium_01.M_Decal_Crack_Medium_01","49","44","9","1","0.000000","0","851"
"/Game/ExternalAssets/PolygonHorrorMansion/Materials/Decals/M_Decal_Crack_Large_04.M_Decal_Crack_Large_04","49","44","9","1","0.000000","0","883"
"/Game/ExternalAssets/PolygonHorrorMansion/Materials/Decals/M_Decal_Crack_Large_03.M_Decal_Crack_Large_03","49","44","9","1","0.000000","0","851"
"/Game/ExternalAssets/PolygonHorrorMansion/Materials/Alts/M_PolygonHorrorMansion_Mat_04_A.M_PolygonHorrorMansion_Mat_04_A","49","23","1","1","0.000000","0","291"
"/Game/ExternalAssets/PolygonHorrorMansion/Materials/Alts/M_PolygonHorrorMansion_Mat_03_C.M_PolygonHorrorMansion_Mat_03_C","49","23","1","1","0.000000","0","291"
"/Game/ExternalAssets/PolygonHorrorMansion/Materials/Alts/M_PolygonHorrorMansion_Mat_03_B.M_PolygonHorrorMansion_Mat_03_B","49","23","1","1","0.000000","0","291"
"/Game/ExternalAssets/PolygonHorrorMansion/Materials/Alts/M_PolygonHorrorMansion_Mat_03_A.M_PolygonHorrorMansion_Mat_03_A","49","23","1","1","0.000000","0","291"
"/Game/ExternalAssets/PolygonPrototype/Materials/Alts/M_PolygonPrototype_03.M_PolygonPrototype_03","49","23","1","1","0.000000","0","255"
"/Game/ExternalAssets/PolygonPrototype/Materials/Alts/M_PolygonPrototype_02.M_PolygonPrototype_02","49","23","1","1","0.000000","0","255"
"/Game/ExternalAssets/PolygonPrototype/Materials/M_PolygonPrototype_01.M_PolygonPrototype_01","49","35","1","1","18.534399","0","571"
"/Game/ExternalAssets/PolygonHorrorMansion/Materials/Decals/M_Decal_Crack_Large_02.M_Decal_Crack_Large_02","49","44","9","1","0.000000","0","851"
"/Game/ExternalAssets/PolygonHorrorMansion/Materials/Decals/M_Decal_Crack_Large_01.M_Decal_Crack_Large_01","49","44","9","1","0.000000","0","851"
"/Game/ExternalAssets/PolygonHorrorMansion/Materials/Building/Weatherboard_04.Weatherboard_04","49","23","5","1","21.694035","0","206"
"/Game/ExternalAssets/PolygonHorrorMansion/Materials/Building/Weatherboard_03.Weatherboard_03","49","23","5","1","0.000000","0","206"
"/Game/ExternalAssets/PolygonHorrorMansion/Materials/Building/Weatherboard_02.Weatherboard_02","49","14","2","1","0.000000","0","99"
"/Game/ExternalAssets/PolygonHorrorMansion/Materials/Building/Weatherboard_01.Weatherboard_01","49","23","5","1","0.000000","0","206"
"/Game/ExternalAssets/PolygonHorrorMansion/Materials/Building/M_Horror_Roof_03.M_Horror_Roof_03","49","23","5","1","0.000000","0","206"
"/Game/ExternalAssets/PolygonHorrorMansion/Materials/Building/M_Horror_Roof_02.M_Horror_Roof_02","49","23","5","1","0.000000","0","206"
"/Game/ExternalAssets/PolygonHorrorMansion/Materials/Building/M_Horror_Roof_01.M_Horror_Roof_01","49","23","5","1","0.000000","0","206"
"/Game/ExternalAssets/PolygonHorrorMansion/Materials/Building/Wood_Fancy_02.Wood_Fancy_02","49","23","1","1","0.000000","0","255"
"/Game/ExternalAssets/PolygonHorrorMansion/Materials/Building/Wood_Fancy_01.Wood_Fancy_01","49","23","1","1","0.000000","0","255"
"/Game/ExternalAssets/PolygonHorrorMansion/Materials/Building/M_Horror_Wall_09.M_Horror_Wall_09","49","14","1","1","0.000000","0","113"
"/Game/ExternalAssets/PolygonHorrorMansion/Materials/Building/M_Horror_Wall_08.M_Horror_Wall_08","49","23","1","1","0.000000","0","222"
"/Game/ExternalAssets/PolygonHorrorMansion/Materials/Building/M_Horror_Wall_07.M_Horror_Wall_07","49","23","1","1","0.000000","0","222"
"/Game/ExternalAssets/PolygonHorrorMansion/Materials/Building/Wood_02.Wood_02","49","23","1","1","0.000000","0","255"
"/Game/ExternalAssets/PolygonHorrorMansion/Materials/Building/Wood_01.Wood_01","49","23","1","1","0.000000","0","284"
"/Game/ExternalAssets/PolygonHorrorMansion/Materials/Building/M_Horror_Wall_06.M_Horror_Wall_06","49","23","1","1","0.000000","0","255"
"/Game/ExternalAssets/PolygonHorrorMansion/Materials/Building/M_Horror_Wall_05.M_Horror_Wall_05","49","23","1","1","0.000000","0","255"
"/Game/ExternalAssets/PolygonHorrorMansion/Materials/Building/M_Horror_Wall_04_Trimless.M_Horror_Wall_04_Trimless","49","23","1","1","0.000000","0","255"
"/Game/ExternalAssets/PolygonHorrorMansion/Materials/Building/M_Horror_Wall_04_Grunge.M_Horror_Wall_04_Grunge","49","23","1","1","0.000000","0","255"
"/Game/ExternalAssets/PolygonHorrorMansion/Materials/Building/M_Horror_Wall_04.M_Horror_Wall_04","49","23","1","1","0.000000","0","255"
"/Game/ExternalAssets/PolygonHorrorMansion/Materials/Building/M_Horror_Wall_03.M_Horror_Wall_03","49","23","1","1","0.000000","0","255"
"/Game/ExternalAssets/PolygonHorrorMansion/Materials/Building/M_Horror_Wall_02.M_Horror_Wall_02","49","23","1","1","0.000000","0","255"
"/Game/ExternalAssets/PolygonHorrorMansion/Materials/Building/M_Horror_Wall_01.M_Horror_Wall_01","49","23","1","1","0.000000","0","255"
"/Game/ExternalAssets/PolygonHorrorMansion/Materials/Building/Tile_Kitchen_02.Tile_Kitchen_02","49","23","1","1","0.000000","0","255"
"/Game/ExternalAssets/PolygonHorrorMansion/Materials/Building/Tile_Kitchen_01.Tile_Kitchen_01","49","23","1","1","0.000000","0","255"
"/Game/ExternalAssets/PolygonHorrorMansion/Materials/Building/Tile_Bathroom_01.Tile_Bathroom_01","49","23","1","1","0.000000","0","255"
"/Game/ExternalAssets/PolygonHorrorMansion/Materials/Building/RoofTar_01.RoofTar_01","49","23","1","1","0.000000","0","255"
"/Game/ExternalAssets/PolygonHorrorMansion/Materials/Building/M_Curtains_02.M_Curtains_02","49","31","7","1","0.000000","0","493"
"/Game/ExternalAssets/PolygonHorrorMansion/Materials/Building/M_Curtains_01.M_Curtains_01","49","27","1","1","55.101055","0","295"
"/Game/ExternalAssets/PolygonHorrorMansion/Materials/Building/M_Concrete_Mat_01.M_Concrete_Mat_01","49","23","1","1","0.000000","0","255"
"/Game/ExternalAssets/PolygonHorrorMansion/Materials/Building/M_Carpet_Evil_01.M_Carpet_Evil_01","49","14","1","1","0.000000","0","113"
"/Game/ExternalAssets/PolygonLegendaryChest/Materials/Mat_Polygon_LegendaryChest_01.Mat_Polygon_LegendaryChest_01","49","14","1","1","0.000000","0","116"
"/Game/ExternalAssets/PolygonKnights/Materials/M_PolyKnights_04_Dark.M_PolyKnights_04_Dark","49","14","1","1","20.465609","0","81"
"/Game/ExternalAssets/PolygonKnights/Materials/M_PolyKnights_04.M_PolyKnights_04","49","14","1","1","0.000000","0","81"
"/Game/ExternalAssets/PolygonKnights/Materials/M_PolyKnights_03_Dark.M_PolyKnights_03_Dark","49","14","1","1","0.000000","0","81"
"/Game/ExternalAssets/PolygonKnights/Materials/M_PolyKnights_03.M_PolyKnights_03","49","14","1","1","0.000000","0","81"
"/Game/ExternalAssets/PolygonKnights/Materials/M_PolyKnights_02_Dark.M_PolyKnights_02_Dark","49","14","1","1","0.000000","0","81"
"/Game/ExternalAssets/PolygonKnights/Materials/M_PolyKnights_02.M_PolyKnights_02","49","14","1","1","0.000000","0","81"
"/Game/ExternalAssets/PolygonKnights/Materials/M_PolyKnights_01_GrassSwap.M_PolyKnights_01_GrassSwap","49","14","1","1","0.000000","0","81"
"/Game/ExternalAssets/PolygonKnights/Materials/M_PolyKnights_01_Dark.M_PolyKnights_01_Dark","49","14","1","1","0.000000","0","81"
"/Game/ExternalAssets/PolygonKnights/Materials/M_Statue.M_Statue","49","28","1","1","50.884735","0","239"
"/Game/ExternalAssets/PolygonKnights/Materials/M_PolyKnights_01.M_PolyKnights_01","49","28","2","1","15.679727","0","296"
"/Game/ExternalAssets/PolygonKnights/Materials/M_Character_Knight_Yellow.M_Character_Knight_Yellow","49","26","5","1","9.583438","0","249"
"/Game/ExternalAssets/PolygonKnights/Materials/M_Character_Knight_Orange.M_Character_Knight_Orange","49","26","5","1","0.000000","0","265"
"/Game/ExternalAssets/PolygonKnights/Materials/M_Character_Knight_Blue.M_Character_Knight_Blue","49","26","5","1","0.000000","0","265"
"/Game/ExternalAssets/PolygonKnights/Materials/M_Character_Knight_Black.M_Character_Knight_Black","49","26","5","1","0.000000","0","265"
"/Game/ExternalAssets/PolygonHorrorMansion/Materials/Paintings/M_Mat_Painting_Portrait_11.M_Mat_Painting_Portrait_11","49","23","1","1","0.000000","0","262"
"/Game/ExternalAssets/PolygonHorrorMansion/Materials/Paintings/M_Mat_Painting_Portrait_10.M_Mat_Painting_Portrait_10","49","23","1","1","0.000000","0","262"
"/Game/ExternalAssets/PolygonHorrorMansion/Materials/Paintings/M_Mat_Painting_Portrait_09.M_Mat_Painting_Portrait_09","49","23","1","1","0.000000","0","262"
"/Game/ExternalAssets/PolygonHorrorMansion/Materials/Paintings/M_Mat_Painting_Portrait_08.M_Mat_Painting_Portrait_08","49","23","1","1","0.000000","0","262"
"/Game/ExternalAssets/PolygonHorrorMansion/Materials/Paintings/M_Mat_Painting_Portrait_07.M_Mat_Painting_Portrait_07","49","23","1","1","0.000000","0","262"
"/Game/ExternalAssets/PolygonHorrorMansion/Materials/Paintings/M_Mat_Painting_Portrait_06.M_Mat_Painting_Portrait_06","49","23","1","1","0.000000","0","262"
"/Game/ExternalAssets/PolygonHorrorMansion/Materials/Paintings/M_Mat_Painting_Portrait_05.M_Mat_Painting_Portrait_05","49","23","1","1","0.000000","0","262"
"/Game/ExternalAssets/PolygonHorrorMansion/Materials/Paintings/M_Mat_Painting_Portrait_04.M_Mat_Painting_Portrait_04","49","23","1","1","0.000000","0","284"
"/Game/ExternalAssets/PolygonHorrorMansion/Materials/Paintings/M_Mat_Painting_Portrait_03.M_Mat_Painting_Portrait_03","49","23","1","1","0.000000","0","284"
"/Game/ExternalAssets/PolygonHorrorMansion/Materials/Paintings/M_Mat_Painting_Portrait_02.M_Mat_Painting_Portrait_02","49","23","1","1","0.000000","0","284"
"/Game/ExternalAssets/PolygonHorrorMansion/Materials/Paintings/M_Mat_Painting_Portrait_01.M_Mat_Painting_Portrait_01","49","23","1","1","0.000000","0","284"
"/Game/ExternalAssets/PolygonHorrorMansion/Materials/Paintings/M_Mat_Painting_Landscape_02.M_Mat_Painting_Landscape_02","49","23","1","1","0.000000","0","284"
"/Game/ExternalAssets/PolygonHorrorMansion/Materials/Paintings/M_Mat_Painting_Landscape_01.M_Mat_Painting_Landscape_01","49","23","1","1","0.000000","0","284"
"/Game/ExternalAssets/PolygonHorrorMansion/Materials/Misc/M_Trees_Background.M_Trees_Background","49","44","1","1","54.675533","0","409"
"/Game/ExternalAssets/PolygonHorrorMansion/Materials/Misc/M_SpiderWeb_Mat.M_SpiderWeb_Mat","49","44","1","1","59.372303","0","620"
"/Game/ExternalAssets/PolygonHorrorMansion/Materials/Broken_Glass/M_BrokenGlass_06.M_BrokenGlass_06","49","18","1","1","35.281643","0","92"
"/Game/ExternalAssets/PolygonHorrorMansion/Materials/Broken_Glass/M_BrokenGlass_05.M_BrokenGlass_05","49","18","1","1","0.000000","0","92"
"/Game/ExternalAssets/PolygonHorrorMansion/Materials/Broken_Glass/M_BrokenGlass_04.M_BrokenGlass_04","49","18","1","1","0.000000","0","92"
"/Game/ExternalAssets/PolygonHorrorMansion/Materials/Broken_Glass/M_BrokenGlass_03.M_BrokenGlass_03","49","18","1","1","0.000000","0","92"
"/Game/ExternalAssets/PolygonHorrorMansion/Materials/Broken_Glass/M_BrokenGlass_02.M_BrokenGlass_02","49","18","1","1","0.000000","0","92"
"/Game/ExternalAssets/PolygonHorrorMansion/Materials/Building/M_Glass.M_Glass","49","27","1","1","37.696774","0","158"
"/Game/ExternalAssets/PolygonHorrorMansion/Materials/Broken_Glass/M_BrokenGlass_01.M_BrokenGlass_01","49","27","1","1","12.953960","0","194"
"/Game/ExternalAssets/PolygonHorrorMansion/Materials/FX_Mat/M_Lightning_Mat_02.M_Lightning_Mat_02","49","36","1","1","44.375870","0","268"
"/Game/ExternalAssets/PolygonHorrorMansion/Materials/FX_Mat/M_Lightning_Mat_01.M_Lightning_Mat_01","49","36","1","1","0.000000","0","268"
"/Game/ExternalAssets/PolygonHorrorMansion/Materials/FX_Mat/M_FX_SunBeam_Mat.M_FX_SunBeam_Mat","49","40","1","1","45.655964","0","299"
"/Game/ExternalAssets/PolygonHorrorMansion/Materials/FX_Mat/M_FX_Leaf_Mat_01.M_FX_Leaf_Mat_01","49","54","1","1","60.391281","0","569"
"/Game/ExternalAssets/PolygonHorrorMansion/Materials/FX_Mat/M_FX_Additive_Circle_Soft_01.M_FX_Additive_Circle_Soft_01","49","18","2","1","24.742868","0","113"
"/Game/ExternalAssets/PolygonHorrorMansion/Materials/FX_Mat/M_FX_Additive_Circle.M_FX_Additive_Circle","49","54","1","1","36.152370","0","700"
"/Game/ExternalAssets/PolygonHorrorMansion/Materials/Decals/Stain_Oil_02.Stain_Oil_02","49","44","9","1","0.000000","0","851"
"/Engine/EngineDebugMaterials/M_VolumeRenderSphereTracePP.M_VolumeRenderSphereTracePP","49","0","4","1","0.000000","0","0"
"/Engine/EngineMaterials/DefaultPostProcessMaterial.DefaultPostProcessMaterial","49","0","6","1","0.000000","0","0"
"/Engine/VREditor/TransformGizmo/TransformGizmoMaterial.TransformGizmoMaterial","49","0","4","1","0.000000","0","0"
"/Engine/EngineMaterials/Widget3DPassThrough.Widget3DPassThrough","49","0","62","6","0.000000","0","3"
"/Engine/EngineMaterials/DefaultDeferredDecalMaterial.DefaultDeferredDecalMaterial","49","0","87","1","0.000000","0","0"
"/Engine/EngineMaterials/EmissiveTexturedMaterial.EmissiveTexturedMaterial","49","0","6","1","0.000000","0","0"
"/Engine/EngineMaterials/DefaultMaterial.DefaultMaterial","49","0","127","1","0.000000","0","0"
"/Engine/EngineMaterials/PPM_DefaultCalibrationGrayscale.PPM_DefaultCalibrationGrayscale","49","0","4","1","0.000000","0","0"
"/Engine/EngineMaterials/PPM_DefaultCalibrationColor.PPM_DefaultCalibrationColor","49","0","4","1","0.000000","0","0"
"/Game/ExternalAssets/PolygonPrototype/Materials/M_Polygon_Prototype_Glow_Ring_FX.M_Polygon_Prototype_Glow_Ring_FX","49","29","1","1","23.841337","0","256"
"/Game/ExternalAssets/PolygonPrototype/Materials/Base/M_PolygonPrototype_Gobal_Grid_01_Base.M_PolygonPrototype_Gobal_Grid_01_Base","49","23","3","1","14.918551","0","105"
"/Game/ExternalAssets/PolygonHorrorMansion/Materials/Shaders/M_Grunge_Base.M_Grunge_Base","49","23","7","1","15.315191","0","91"
"/Engine/EngineMaterials/WorldGridMaterial.WorldGridMaterial","49","0","838","1","0.000000","0","0"
"/Engine/EngineMaterials/DefaultTextMaterialOpaque.DefaultTextMaterialOpaque","49","0","33","1","0.000000","0","0"
"/Engine/EditorMaterials/PreviewShadowIndicatorMaterial.PreviewShadowIndicatorMaterial","49","0","44","1","0.000000","0","0"
"/Game/StarterContent/Particles/Materials/M_radial_ramp.M_radial_ramp","49","0","12","1","0.000000","0","0"
"/Game/StarterContent/Particles/Materials/M_Radial_Gradient.M_Radial_Gradient","49","0","12","1","0.000000","0","0"
"/Game/StarterContent/Materials/M_ColorGrid_LowSpec.M_ColorGrid_LowSpec","49","0","23","1","0.000000","0","0"
"/Game/StarterContent/Blueprints/Assets/M_LightStage_Skybox_Master.M_LightStage_Skybox_Master","49","0","8","2","0.000000","0","0"
"/Engine/EngineMaterials/AntiAliasedTextMaterialTranslucent.AntiAliasedTextMaterialTranslucent","49","0","20","1","0.000000","0","0"
"/Engine/EngineSky/M_Sky_Panning_Clouds2.M_Sky_Panning_Clouds2","49","0","4","1","0.000000","0","0"
"/Engine/EditorMeshes/ColorCalibrator/M_ColorGrid.M_ColorGrid","49","0","35","1","0.000000","0","0"
"/Engine/EngineSky/VolumetricClouds/m_SimpleVolumetricCloud.m_SimpleVolumetricCloud","49","0","68","1","0.000000","0","0"
"/Engine/VREditor/SnapGrid/SnapGridMaterial.SnapGridMaterial","49","0","10","1","0.000000","0","0"
"/Game/Characters/Mannequin_UE4/Materials/M_MannequinUE4_Body.M_MannequinUE4_Body","49","116","12","2","141.850861","0","1231"
"/Engine/EditorMaterials/Thumbnails/SkySphereMaterial.SkySphereMaterial","49","0","23","1","0.000000","0","0"
"/Game/Characters/Mannequins/Materials/M_Mannequin.M_Mannequin","49","0","60","2","0.000000","0","60"
"/Game/LevelPrototyping/Materials/M_PrototypeGrid.M_PrototypeGrid","49","0","69","3","0.000000","0","23"
"/SpeedTreeImporter/SpeedTree9/SpeedTreeBillboardMaster.SpeedTreeBillboardMaster","49","0","66","1","0.000000","0","0"
"/SpeedTreeImporter/SpeedTree9/SpeedTreeMaster.SpeedTreeMaster","49","0","92","1","0.000000","0","0"
"/Interchange/gltf/M_Unlit.M_Unlit","49","0","70","6","0.000000","0","0"
"/Interchange/gltf/M_SpecularGlossiness.M_SpecularGlossiness","49","0","144","6","0.000000","0","0"
"/Interchange/gltf/M_Sheen.M_Sheen","49","0","144","6","0.000000","0","0"
"/Interchange/gltf/M_Transmission.M_Transmission","49","0","50","2","0.000000","0","0"
"/Interchange/gltf/M_ClearCoat.M_ClearCoat","49","0","144","6","0.000000","0","0"
"/Interchange/gltf/M_Default.M_Default","49","0","144","6","0.000000","0","0"
